Workbook

Sheet Sheet1
A1: SEPTA 프로젝트 원가분석 (순수우진제작 VS BA충족시)
A2: 제품코드 | B2: 제품명 | C2: NO | D2: LEVEL | E2: 품목코드 | F2: 도면번호 | G2: 군 | H2: 품명 | I2: 규격/재질 | J2: 수량 | K2: SET | L2: 총량 | M2: 조달 | N2: 구매처
A3: 10005984 | B3: =VLOOKUP(A3,[1]단품수량!$B$5:$E$27,4,FALSE) -> ANSM | C3: 1 | D3: 01.__.__.__.__.__.__ | E3: 30120744 | F3: R1D1361-21500( b)(1) | H3: BRACKET | I3: ASS'Y/ | J3: 1 | K3: 1 | L3: =VLOOKUP(A3,[1]단품수량!$B$5:$P$27,13,FALSE)*K3 -> 120 | M3: 외작 | N3: 보성엔지니어링
A4: 10005984 | B4: =VLOOKUP(A4,[1]단품수량!$B$5:$E$27,4,FALSE) -> ANSM | C4: 2 | D4: 02.__.__.__.__.__.__ | E4: 30120745 | F4: R1D1361-21500( b)(2) | H4: MIC CAP | I4: ASS'Y/ | J4: 1 | K4: 1 | L4: =VLOOKUP(A4,[1]단품수량!$B$5:$P$27,13,FALSE)*K4 -> 120 | M4: 외작 | N4: 보성엔지니어링
A5: 10005984 | B5: =VLOOKUP(A5,[1]단품수량!$B$5:$E$27,4,FALSE) -> ANSM | C5: 3 | D5: 03.__.__.__.__.__.__ | E5: 30062576 | H5: GRAND | I5: PG7/ASS'Y | J5: 1 | K5: 1 | L5: =VLOOKUP(A5,[1]단품수량!$B$5:$P$27,13,FALSE)*K5 -> 120 | M5: 내자 | N5: 은강반도체
A6: 10005984 | B6: =VLOOKUP(A6,[1]단품수량!$B$5:$E$27,4,FALSE) -> ANSM | C6: 4 | D6: 04.__.__.__.__.__.__ | E6: 30120230 | H6: MICRO PHONE | I6: AOM-4544P-2R/ | J6: 1 | K6: 1 | L6: =VLOOKUP(A6,[1]단품수량!$B$5:$P$27,13,FALSE)*K6 -> 120 | M6: 내자 | N6: 은강반도체
A7: 10005984 | B7: =VLOOKUP(A7,[1]단품수량!$B$5:$E$27,4,FALSE) -> ANSM | C7: 5 | D7: 05.__.__.__.__.__.__ | E7: 30118557 | H7: CONNECTOR(7PIN PLUG) | I7: FRITS4106F14S-07SB0F6/ | J7: 1 | K7: 1 | L7: =VLOOKUP(A7,[1]단품수량!$B$5:$P$27,13,FALSE)*K7 -> 120 | M7: 외자 | N7: 햄머
A8: 10005984 | B8: =VLOOKUP(A8,[1]단품수량!$B$5:$E$27,4,FALSE) -> ANSM | C8: 6 | D8: 06.__.__.__.__.__.__ | E8: 30118570 | H8: SOCKET(16s SIZE) | I8: 10-40552G117/ | J8: 7 | K8: 7 | L8: =VLOOKUP(A8,[1]단품수량!$B$5:$P$27,13,FALSE)*K8 -> 840 | M8: 외자 | N8: 햄머
A9: 10005984 | B9: =VLOOKUP(A9,[1]단품수량!$B$5:$E$27,4,FALSE) -> ANSM | C9: 7 | D9: 07.__.__.__.__.__.__ | E9: 30118545 | H9: CONNECTOR(7 PIN RECEP) | I9: FRITS4100F14S-07PB0G1F6/ | J9: 1 | K9: 1 | L9: =VLOOKUP(A9,[1]단품수량!$B$5:$P$27,13,FALSE)*K9 -> 120 | M9: 외자 | N9: 햄머
A10: 10005984 | B10: =VLOOKUP(A10,[1]단품수량!$B$5:$E$27,4,FALSE) -> ANSM | C10: 8 | D10: 08.__.__.__.__.__.__ | E10: 30118572 | H10: PIN(16s SIZE) | I10: 10-40553G117/ | J10: 7 | K10: 7 | L10: =VLOOKUP(A10,[1]단품수량!$B$5:$P$27,13,FALSE)*K10 -> 840 | M10: 외자 | N10: 햄머
A11: 10005984 | B11: =VLOOKUP(A11,[1]단품수량!$B$5:$E$27,4,FALSE) -> ANSM | C11: 9 | D11: 09.__.__.__.__.__.__ | E11: 30118569 | H11: SEALING PLUG | I11: 10-305045-16/ | J11: 8 | K11: 8 | L11: =VLOOKUP(A11,[1]단품수량!$B$5:$P$27,13,FALSE)*K11 -> 960 | M11: 외자 | N11: 햄머
A12: 10005984 | B12: =VLOOKUP(A12,[1]단품수량!$B$5:$E$27,4,FALSE) -> ANSM | C12: 10 | D12: 10.__.__.__.__.__.__ | E12: 30120660 | F12: R1D1359-21672( c)(12) | H12: NAME PLATE | I12: ANSM/ | J12: 1 | K12: 1 | L12: =VLOOKUP(A12,[1]단품수량!$B$5:$P$27,13,FALSE)*K12 -> 120 | M12: 외작 | N12: 구영에스피(주)
A13: 10005984 | B13: =VLOOKUP(A13,[1]단품수량!$B$5:$E$27,4,FALSE) -> ANSM | C13: 11 | D13: 11.__.__.__.__.__.__ | E13: 30093304 | H13: CABLE | I13: 100G1121-0.75-2/6/ASS'Y | J13: 1 | K13: 1 | L13: =VLOOKUP(A13,[1]단품수량!$B$5:$P$27,13,FALSE)*K13 -> 120 | M13: 외자 | N13: 햄머
A14: 10005997 | B14: =VLOOKUP(A14,[1]단품수량!$B$5:$E$27,4,FALSE) -> CCP | C14: 29 | D14: 01.__.__.__.__.__.__ | E14: 30120714 | F14: R1D1362-21508( b) | H14: FRAME ASS'Y | I14: ASS'Y/ | J14: 1 | K14: 1 | L14: =VLOOKUP(A14,[1]단품수량!$B$5:$P$27,13,FALSE)*K14 -> 158 | M14: 외작 | N14: 세일ENGINEERING
A15: 10005997 | B15: =VLOOKUP(A15,[1]단품수량!$B$5:$E$27,4,FALSE) -> CCP | C15: 30 | D15: __.01.__.__.__.__.__ | E15: 30120715 | F15: R1D1362-21509( a) | H15: PLATE | I15: ASS'Y/ | J15: 1 | K15: 1 | L15: =VLOOKUP(A15,[1]단품수량!$B$5:$P$27,13,FALSE)*K15 -> 158 | M15: 외작 | N15: 세일ENGINEERING
A16: 10005997 | B16: =VLOOKUP(A16,[1]단품수량!$B$5:$E$27,4,FALSE) -> CCP | C16: 31 | D16: __.02.__.__.__.__.__ | E16: 30120716 | F16: R1D1362-21510( b) | H16: PLATE | I16: ASS'Y/ | J16: 1 | K16: 1 | L16: =VLOOKUP(A16,[1]단품수량!$B$5:$P$27,13,FALSE)*K16 -> 158 | M16: 외작 | N16: 세일ENGINEERING
A17: 10005997 | B17: =VLOOKUP(A17,[1]단품수량!$B$5:$E$27,4,FALSE) -> CCP | C17: 32 | D17: 02.__.__.__.__.__.__ | E17: 30120718 | F17: R1D1362-21512 | H17: BRACKET | I17: ASS'Y/ | J17: 1 | K17: 1 | L17: =VLOOKUP(A17,[1]단품수량!$B$5:$P$27,13,FALSE)*K17 -> 158 | M17: 외작 | N17: 세일ENGINEERING
A18: 10005997 | B18: =VLOOKUP(A18,[1]단품수량!$B$5:$E$27,4,FALSE) -> CCP | C18: 33 | D18: 03.__.__.__.__.__.__ | E18: 30120765 | H18: TOUCH SCREEN UNIT | I18: MN070000ACD 7Inch WIDE/ | J18: 1 | K18: 1 | L18: =VLOOKUP(A18,[1]단품수량!$B$5:$P$27,13,FALSE)*K18 -> 158 | M18: 내자 | N18: 동도테크(주)
A19: 10005997 | B19: =VLOOKUP(A19,[1]단품수량!$B$5:$E$27,4,FALSE) -> CCP | C19: 34 | D19: 04.__.__.__.__.__.__ | E19: 30120766 | H19: TFT-LCD UNIT | I19: LMS700KF05/ | J19: 1 | K19: 1 | L19: =VLOOKUP(A19,[1]단품수량!$B$5:$P$27,13,FALSE)*K19 -> 158 | M19: 내자 | N19: 동도테크(주)
A20: 10005997 | B20: =VLOOKUP(A20,[1]단품수량!$B$5:$E$27,4,FALSE) -> CCP | C20: 35 | D20: 05.__.__.__.__.__.__ | E20: 30120717 | F20: R1D1362-21511( c) | H20: COVER | I20: ASS'Y/ | J20: 1 | K20: 1 | L20: =VLOOKUP(A20,[1]단품수량!$B$5:$P$27,13,FALSE)*K20 -> 158 | M20: 외작 | N20: 세일ENGINEERING
A21: 10005997 | B21: =VLOOKUP(A21,[1]단품수량!$B$5:$E$27,4,FALSE) -> CCP | C21: 36 | D21: 06.__.__.__.__.__.__ | E21: 30118555 | H21: CONNECTOR(19PIN RECEP) | I21: FRITS4102R22-14PB0G1F6/ | J21: 1 | K21: 1 | L21: =VLOOKUP(A21,[1]단품수량!$B$5:$P$27,13,FALSE)*K21 -> 158 | M21: 외자 | N21: 햄머
A22: 10005997 | B22: =VLOOKUP(A22,[1]단품수량!$B$5:$E$27,4,FALSE) -> CCP | C22: 37 | D22: 07.__.__.__.__.__.__ | E22: 30118583 | H22: CONNECTOR(19PIN 90PLUG) | I22: FRITS4108F22-14SB0F6/ | J22: 1 | K22: 1 | L22: =VLOOKUP(A22,[1]단품수량!$B$5:$P$27,13,FALSE)*K22 -> 158 | M22: 외자 | N22: 햄머
A23: 10005997 | B23: =VLOOKUP(A23,[1]단품수량!$B$5:$E$27,4,FALSE) -> CCP | C23: 38 | D23: 08.__.__.__.__.__.__ | E23: 30120669 | F23: R1D1359-21673(7) | H23: NAME PLATE | I23: CCP/ | J23: 1 | K23: 1 | L23: =VLOOKUP(A23,[1]단품수량!$B$5:$P$27,13,FALSE)*K23 -> 158 | M23: 외작 | N23: 구영에스피(주)
A24: 10005997 | B24: =VLOOKUP(A24,[1]단품수량!$B$5:$E$27,4,FALSE) -> CCP | C24: 39 | D24: 09.__.__.__.__.__.__ | E24: 30118569 | H24: SEALING PLUG | I24: 10-305045-16/ | J24: 6 | K24: 6 | L24: =VLOOKUP(A24,[1]단품수량!$B$5:$P$27,13,FALSE)*K24 -> 948 | M24: 외자 | N24: 햄머
A25: 10005997 | B25: =VLOOKUP(A25,[1]단품수량!$B$5:$E$27,4,FALSE) -> CCP | C25: 40 | D25: 10.__.__.__.__.__.__ | E25: 30118573 | H25: SOCKET(16 SIZE) | I25: 10-40556G117/ | J25: 19 | K25: 19 | L25: =VLOOKUP(A25,[1]단품수량!$B$5:$P$27,13,FALSE)*K25 -> 3002 | M25: 외자 | N25: 햄머
A26: 10005997 | B26: =VLOOKUP(A26,[1]단품수량!$B$5:$E$27,4,FALSE) -> CCP | C26: 41 | D26: 11.__.__.__.__.__.__ | E26: 30118582 | H26: PIN(16 SIZE) | I26: 10-40557G117/ | J26: 4 | K26: 4 | L26: =VLOOKUP(A26,[1]단품수량!$B$5:$P$27,13,FALSE)*K26 -> 632 | M26: 외자 | N26: 햄머
A27: 10005997 | B27: =VLOOKUP(A27,[1]단품수량!$B$5:$E$27,4,FALSE) -> CCP | C27: 42 | D27: 12.__.__.__.__.__.__ | E27: 30118581 | H27: PIN(16 SIZE SMALL) | I27: 10-40557-13G117/ | J27: 15 | K27: 15 | L27: =VLOOKUP(A27,[1]단품수량!$B$5:$P$27,13,FALSE)*K27 -> 2370 | M27: 외자 | N27: 햄머
A28: 10005997 | B28: =VLOOKUP(A28,[1]단품수량!$B$5:$E$27,4,FALSE) -> CCP | C28: 43 | D28: 13.__.__.__.__.__.__ | E28: 30120835 | H28: CCP CONTROL BOARD | I28: ASS'Y/ | J28: 1 | K28: 1 | L28: =VLOOKUP(A28,[1]단품수량!$B$5:$P$27,13,FALSE)*K28 -> 158 | M28: 외작 | N28: 동도테크(주)
A29: 10005997 | B29: =VLOOKUP(A29,[1]단품수량!$B$5:$E$27,4,FALSE) -> CCP | C29: 44 | D29: __.01.__.__.__.__.__ | E29: 30120992 | H29: IC | I29: MAX1480ECEPI/ | J29: 1 | K29: 1 | L29: =VLOOKUP(A29,[1]단품수량!$B$5:$P$27,13,FALSE)*K29 -> 158 | M29: 외자 | N29: 위니프로(주)
A30: 10005997 | B30: =VLOOKUP(A30,[1]단품수량!$B$5:$E$27,4,FALSE) -> CCP | C30: 45 | D30: __.02.__.__.__.__.__ | E30: 30121672 | H30: IC SOCKET | I30: 28P-WIDE/금도금사양 | J30: 1 | K30: 1 | L30: =VLOOKUP(A30,[1]단품수량!$B$5:$P$27,13,FALSE)*K30 -> 158 | M30: 내자 | N30: 위니프로(주)
A31: 10005997 | B31: =VLOOKUP(A31,[1]단품수량!$B$5:$E$27,4,FALSE) -> CCP | C31: 46 | D31: 14.__.__.__.__.__.__ | E31: 30120836 | H31: MICRO SPEAKER | I31: R1508RiW15(0.5W, 8Ω)/ | J31: 1 | K31: 1 | L31: =VLOOKUP(A31,[1]단품수량!$B$5:$P$27,13,FALSE)*K31 -> 158 | M31: 내자 | N31: 은강반도체
A32: 10005997 | B32: =VLOOKUP(A32,[1]단품수량!$B$5:$E$27,4,FALSE) -> CCP | C32: 47 | D32: 15.__.__.__.__.__.__ | E32: 30120837 | H32: CCP POWER BOARD | I32: WMS150B-12 Rev.A0// | J32: 1 | K32: 1 | L32: =VLOOKUP(A32,[1]단품수량!$B$5:$P$27,13,FALSE)*K32 -> 158 | M32: 외작 | N32: 이지파워
A33: 10005997 | B33: =VLOOKUP(A33,[1]단품수량!$B$5:$E$27,4,FALSE) -> CCP | C33: 48 | D33: 16.__.__.__.__.__.__ | E33: 20061700 | F33: R1D1355-22141 | H33: WIRING DIAGRAM | I33: CCP WIRING DIAGRAM/ | J33: 1 | K33: 1 | L33: =VLOOKUP(A33,[1]단품수량!$B$5:$P$27,13,FALSE)*K33 -> 158 | M33: 내작
A34: 10005997 | B34: =VLOOKUP(A34,[1]단품수량!$B$5:$E$27,4,FALSE) -> CCP | C34: 49 | D34: __.01.__.__.__.__.__ | E34: 30075140 | H34: WIRE | I34: 100G0111-0.75-0/ | J34: 1 | K34: 1 | L34: =VLOOKUP(A34,[1]단품수량!$B$5:$P$27,13,FALSE)*K34 -> 158 | M34: 외자 | N34: 햄머
A35: 10005997 | B35: =VLOOKUP(A35,[1]단품수량!$B$5:$E$27,4,FALSE) -> CCP | C35: 50 | D35: __.02.__.__.__.__.__ | E35: 30054014 | H35: WIRE | I35: 100G0111-0.5-0/ | J35: 2 | K35: 2 | L35: =VLOOKUP(A35,[1]단품수량!$B$5:$P$27,13,FALSE)*K35 -> 316 | M35: 내자 | N35: 햄머
A36: 10005997 | B36: =VLOOKUP(A36,[1]단품수량!$B$5:$E$27,4,FALSE) -> CCP | C36: 51 | D36: __.03.__.__.__.__.__ | E36: 30121474 | H36: WIRE | I36: 100G1121-0.5-2/6/ | J36: 1 | K36: 1 | L36: =VLOOKUP(A36,[1]단품수량!$B$5:$P$27,13,FALSE)*K36 -> 158 | M36: 외자 | N36: 햄머
A37: 10005997 | B37: =VLOOKUP(A37,[1]단품수량!$B$5:$E$27,4,FALSE) -> CCP | C37: 52 | D37: __.04.__.__.__.__.__ | E37: 30100325 | H37: PLUG | I37: 5557-06R/ | J37: 1 | K37: 1 | L37: =VLOOKUP(A37,[1]단품수량!$B$5:$P$27,13,FALSE)*K37 -> 158 | M37: 외자 | N37: 은강반도체
A38: 10005997 | B38: =VLOOKUP(A38,[1]단품수량!$B$5:$E$27,4,FALSE) -> CCP | C38: 53 | D38: __.05.__.__.__.__.__ | E38: 30115073 | H38: CONNECTOR | I38: 5557-04R/ | J38: 1 | K38: 1 | L38: =VLOOKUP(A38,[1]단품수량!$B$5:$P$27,13,FALSE)*K38 -> 158 | M38: 내자 | N38: 은강반도체
A39: 10005997 | B39: =VLOOKUP(A39,[1]단품수량!$B$5:$E$27,4,FALSE) -> CCP | C39: 54 | D39: __.06.__.__.__.__.__ | E39: 30081231 | H39: TERMINAL | I39: 5556, AWG18-24/ | J39: 10 | K39: 10 | L39: =VLOOKUP(A39,[1]단품수량!$B$5:$P$27,13,FALSE)*K39 -> 1580 | M39: 외자 | N39: 은강반도체
A40: 10005997 | B40: =VLOOKUP(A40,[1]단품수량!$B$5:$E$27,4,FALSE) -> CCP | C40: 55 | D40: __.07.__.__.__.__.__ | E40: 30118485 | H40: HOUSING | I40: SMH250-16V/ | J40: 1 | K40: 1 | L40: =VLOOKUP(A40,[1]단품수량!$B$5:$P$27,13,FALSE)*K40 -> 158 | M40: 내자 | N40: 은강반도체
A41: 10005997 | B41: =VLOOKUP(A41,[1]단품수량!$B$5:$E$27,4,FALSE) -> CCP | C41: 56 | D41: __.08.__.__.__.__.__ | E41: 30118484 | H41: CRIMP TERMINAL | I41: YST025/ | J41: 16 | K41: 16 | L41: =VLOOKUP(A41,[1]단품수량!$B$5:$P$27,13,FALSE)*K41 -> 2528 | M41: 내자 | N41: 은강반도체
A42: 10005997 | B42: =VLOOKUP(A42,[1]단품수량!$B$5:$E$27,4,FALSE) -> CCP | C42: 57 | D42: 17.__.__.__.__.__.__ | E42: 30125533 | H42: R1D1359-23620 | I42: /PVC, BLACK | J42: 1 | K42: 1 | L42: =VLOOKUP(A42,[1]단품수량!$B$5:$P$27,13,FALSE)*K42 -> 158 | M42: 외작 | N42: 구영에스피(주)
A43: 10005982 | B43: =VLOOKUP(A43,[1]단품수량!$B$5:$E$27,4,FALSE) -> CSP | C43: 58 | D43: 01.__.__.__.__.__.__ | E43: 30120723 | F43: R1D1358-21429 | H43: FRAME | I43: ASS'Y/ | J43: 1 | K43: 1 | L43: =VLOOKUP(A43,[1]단품수량!$B$5:$P$27,13,FALSE)*K43 -> 158 | M43: 외작 | N43: 보성엔지니어링
A44: 10005982 | B44: =VLOOKUP(A44,[1]단품수량!$B$5:$E$27,4,FALSE) -> CSP | C44: 59 | D44: 02.__.__.__.__.__.__ | E44: 30120724 | F44: R1D1358-21430( b) | H44: BRACKET | I44: ASS'Y/ | J44: 1 | K44: 1 | L44: =VLOOKUP(A44,[1]단품수량!$B$5:$P$27,13,FALSE)*K44 -> 158 | M44: 외작 | N44: 보성엔지니어링
A45: 10005982 | B45: =VLOOKUP(A45,[1]단품수량!$B$5:$E$27,4,FALSE) -> CSP | C45: 60 | D45: 03.__.__.__.__.__.__ | E45: 30118495 | H45: SPEAKER | I45: CW-100B25/ | J45: 1 | K45: 1 | L45: =VLOOKUP(A45,[1]단품수량!$B$5:$P$27,13,FALSE)*K45 -> 158 | M45: 내자 | N45: 은강반도체
A46: 10005982 | B46: =VLOOKUP(A46,[1]단품수량!$B$5:$E$27,4,FALSE) -> CSP | C46: 61 | D46: 04.__.__.__.__.__.__ | E46: 30123883 | H46: KNOB | I46: F9/내경 6.4파이/ | J46: 1 | K46: 1 | L46: =VLOOKUP(A46,[1]단품수량!$B$5:$P$27,13,FALSE)*K46 -> 158 | M46: 내자 | N46: 은강반도체
A47: 10005982 | B47: =VLOOKUP(A47,[1]단품수량!$B$5:$E$27,4,FALSE) -> CSP | C47: 62 | D47: 05.__.__.__.__.__.__ | E47: 30120767 | F47: R1D1358-22128 | H47: VOLUME CONTROL | I47: VW50/ | J47: 1 | K47: 1 | L47: =VLOOKUP(A47,[1]단품수량!$B$5:$P$27,13,FALSE)*K47 -> 158 | M47: 내자 | N47: DuraCap International Inc.
A48: 10005982 | B48: =VLOOKUP(A48,[1]단품수량!$B$5:$E$27,4,FALSE) -> CSP | C48: 63 | D48: __.01.__.__.__.__.__ | E48: 30124429 | H48: VM50 키홈 가공 | I48: / | J48: 1 | K48: 1 | L48: =VLOOKUP(A48,[1]단품수량!$B$5:$P$27,13,FALSE)*K48 -> 158 | M48: 외작 | N48: 광진테크(주)
A49: 10005982 | B49: =VLOOKUP(A49,[1]단품수량!$B$5:$E$27,4,FALSE) -> CSP | C49: 64 | D49: 06.__.__.__.__.__.__ | E49: 30120726 | F49: R1D1358-21432( a) | H49: PLATE | I49: ASS'Y/ | J49: 1 | K49: 1 | L49: =VLOOKUP(A49,[1]단품수량!$B$5:$P$27,13,FALSE)*K49 -> 158 | M49: 외작 | N49: 보성엔지니어링
A50: 10005982 | B50: =VLOOKUP(A50,[1]단품수량!$B$5:$E$27,4,FALSE) -> CSP | C50: 65 | D50: 07.__.__.__.__.__.__ | E50: 30120651 | F50: R1D1359-21672( c)(3) | H50: NAME PLATE | I50: CSP/ | J50: 1 | K50: 1 | L50: =VLOOKUP(A50,[1]단품수량!$B$5:$P$27,13,FALSE)*K50 -> 158 | M50: 외작 | N50: 구영에스피(주)
A51: 10005982 | B51: =VLOOKUP(A51,[1]단품수량!$B$5:$E$27,4,FALSE) -> CSP | C51: 66 | D51: 08.__.__.__.__.__.__ | E51: 30120725 | F51: R1D1358-21431( a) | H51: FRAME | I51: ASS'Y/ | J51: 1 | K51: 1 | L51: =VLOOKUP(A51,[1]단품수량!$B$5:$P$27,13,FALSE)*K51 -> 158 | M51: 외작 | N51: 보성엔지니어링
A52: 10005982 | B52: =VLOOKUP(A52,[1]단품수량!$B$5:$E$27,4,FALSE) -> CSP | C52: 67 | D52: 09.__.__.__.__.__.__ | E52: 30118493 | H52: CONNECTOR | I52: 231-603/019-000/ | J52: 1 | K52: 1 | L52: =VLOOKUP(A52,[1]단품수량!$B$5:$P$27,13,FALSE)*K52 -> 158 | M52: 내자 | N52: 만희기전(주)
A53: 10005982 | B53: =VLOOKUP(A53,[1]단품수량!$B$5:$E$27,4,FALSE) -> CSP | C53: 68 | D53: 10.__.__.__.__.__.__ | E53: 30118494 | H53: CONNECTOR | I53: 231-103/037-000/ | J53: 1 | K53: 1 | L53: =VLOOKUP(A53,[1]단품수량!$B$5:$P$27,13,FALSE)*K53 -> 158 | M53: 내자 | N53: 만희기전(주)
A54: 10005982 | B54: =VLOOKUP(A54,[1]단품수량!$B$5:$E$27,4,FALSE) -> CSP | C54: 69 | D54: 11.__.__.__.__.__.__ | E54: 30063371 | H54: WIRE | I54: 100G0111-1.50-0/ | J54: 1 | K54: 1 | L54: =VLOOKUP(A54,[1]단품수량!$B$5:$P$27,13,FALSE)*K54 -> 158 | M54: 외자 | N54: 햄머
A55: 10005988 | B55: =VLOOKUP(A55,[1]단품수량!$B$5:$E$27,4,FALSE) -> ESP | C55: 83 | D55: 01.__.__.__.__.__.__ | E55: 30120730 | F55: R1D1358-21437( a) | H55: FRAME | I55: ASS'Y/ | J55: 1 | K55: 1 | L55: =VLOOKUP(A55,[1]단품수량!$B$5:$P$27,13,FALSE)*K55 -> 480 | M55: 외작 | N55: 세일ENGINEERING
A56: 10005988 | B56: =VLOOKUP(A56,[1]단품수량!$B$5:$E$27,4,FALSE) -> ESP | C56: 84 | D56: 02.__.__.__.__.__.__ | E56: 30120732 | F56: R1D1358-21439( b) | H56: PLATE | I56: ASS'Y/ | J56: 1 | K56: 1 | L56: =VLOOKUP(A56,[1]단품수량!$B$5:$P$27,13,FALSE)*K56 -> 480 | M56: 외작 | N56: 세일ENGINEERING
A57: 10005988 | B57: =VLOOKUP(A57,[1]단품수량!$B$5:$E$27,4,FALSE) -> ESP | C57: 85 | D57: 03.__.__.__.__.__.__ | E57: 30120728 | F57: R1D1358-21435( a) | H57: GASCKET | I57: ASS'Y/ | J57: 1 | K57: 1 | L57: =VLOOKUP(A57,[1]단품수량!$B$5:$P$27,13,FALSE)*K57 -> 480 | M57: 외작 | N57: 명진전기
A58: 10005988 | B58: =VLOOKUP(A58,[1]단품수량!$B$5:$E$27,4,FALSE) -> ESP | C58: 86 | D58: 04.__.__.__.__.__.__ | E58: 30120729 | F58: R1D1358-21436( a) | H58: BRACKET | I58: ASS'Y/ | J58: 1 | K58: 1 | L58: =VLOOKUP(A58,[1]단품수량!$B$5:$P$27,13,FALSE)*K58 -> 480 | M58: 외작 | N58: 세일ENGINEERING
A59: 10005988 | B59: =VLOOKUP(A59,[1]단품수량!$B$5:$E$27,4,FALSE) -> ESP | C59: 87 | D59: 05.__.__.__.__.__.__ | E59: 30118495 | H59: SPEAKER | I59: CW-100B25/ | J59: 1 | K59: 1 | L59: =VLOOKUP(A59,[1]단품수량!$B$5:$P$27,13,FALSE)*K59 -> 480 | M59: 내자 | N59: 은강반도체
A60: 10005988 | B60: =VLOOKUP(A60,[1]단품수량!$B$5:$E$27,4,FALSE) -> ESP | C60: 88 | D60: 06.__.__.__.__.__.__ | E60: 30118493 | H60: CONNECTOR | I60: 231-603/019-000/ | J60: 1 | K60: 1 | L60: =VLOOKUP(A60,[1]단품수량!$B$5:$P$27,13,FALSE)*K60 -> 480 | M60: 내자 | N60: 만희기전(주)
A61: 10005988 | B61: =VLOOKUP(A61,[1]단품수량!$B$5:$E$27,4,FALSE) -> ESP | C61: 89 | D61: 07.__.__.__.__.__.__ | E61: 30118494 | H61: CONNECTOR | I61: 231-103/037-000/ | J61: 1 | K61: 1 | L61: =VLOOKUP(A61,[1]단품수량!$B$5:$P$27,13,FALSE)*K61 -> 480 | M61: 내자 | N61: 만희기전(주)
A62: 10005988 | B62: =VLOOKUP(A62,[1]단품수량!$B$5:$E$27,4,FALSE) -> ESP | C62: 90 | D62: 08.__.__.__.__.__.__ | E62: 30099477 | H62: RUBBER BUSH | I62: Φ10*1.2t/ASS'Y | J62: 1 | K62: 1 | L62: =VLOOKUP(A62,[1]단품수량!$B$5:$P$27,13,FALSE)*K62 -> 480 | M62: 내자 | N62: 명진전기
A63: 10005988 | B63: =VLOOKUP(A63,[1]단품수량!$B$5:$E$27,4,FALSE) -> ESP | C63: 91 | D63: 09.__.__.__.__.__.__ | E63: 30063371 | H63: WIRE | I63: 100G0111-1.50-0/ | J63: 1 | K63: 1 | L63: =VLOOKUP(A63,[1]단품수량!$B$5:$P$27,13,FALSE)*K63 -> 480 | M63: 외자 | N63: 햄머
A64: 10005988 | B64: =VLOOKUP(A64,[1]단품수량!$B$5:$E$27,4,FALSE) -> ESP | C64: 92 | D64: 10.__.__.__.__.__.__ | E64: 30124437 | H64: FERRULES SLEEVE | I64: 0.75SQ, 6mm/ | J64: 2 | K64: 2 | L64: =VLOOKUP(A64,[1]단품수량!$B$5:$P$27,13,FALSE)*K64 -> 960 | M64: 내자
A65: 10005992 | B65: =VLOOKUP(A65,[1]단품수량!$B$5:$E$27,4,FALSE) -> FDI | C65: 93 | D65: 01.__.__.__.__.__.__ | E65: 30120684 | F65: R1D1355-21795( b) | H65: FRAME | I65: ASS'Y/ | J65: 1 | K65: 1 | L65: =VLOOKUP(A65,[1]단품수량!$B$5:$P$27,13,FALSE)*K65 -> 158 | M65: 외작 | N65: 보성엔지니어링
A66: 10005992 | B66: =VLOOKUP(A66,[1]단품수량!$B$5:$E$27,4,FALSE) -> FDI | C66: 94 | D66: 02.__.__.__.__.__.__ | E66: 30120686 | F66: R1D1355-21796 | H66: BRACKET | I66: ASS'Y/ | J66: 1 | K66: 1 | L66: =VLOOKUP(A66,[1]단품수량!$B$5:$P$27,13,FALSE)*K66 -> 158 | M66: 외작 | N66: 보성엔지니어링
A67: 10005992 | B67: =VLOOKUP(A67,[1]단품수량!$B$5:$E$27,4,FALSE) -> FDI | C67: 95 | D67: 03.__.__.__.__.__.__ | E67: 30120687 | F67: R1D1355-21793( b) | H67: BRACKET | I67: ASS'Y/ | J67: 2 | K67: 2 | L67: =VLOOKUP(A67,[1]단품수량!$B$5:$P$27,13,FALSE)*K67 -> 316 | M67: 외작 | N67: 보성엔지니어링
A68: 10005992 | B68: =VLOOKUP(A68,[1]단품수량!$B$5:$E$27,4,FALSE) -> FDI | C68: 96 | D68: 04.__.__.__.__.__.__ | E68: 30120688 | F68: R1D1355-21794( a) | H68: COVER | I68: ASS'Y/ | J68: 1 | K68: 1 | L68: =VLOOKUP(A68,[1]단품수량!$B$5:$P$27,13,FALSE)*K68 -> 158 | M68: 외작 | N68: 보성엔지니어링
A69: 10005992 | B69: =VLOOKUP(A69,[1]단품수량!$B$5:$E$27,4,FALSE) -> FDI | C69: 97 | D69: 05.__.__.__.__.__.__ | E69: 30118098 | H69: HINGE | I69: HS-2638-F/SUS 304 | J69: 3 | K69: 3 | L69: =VLOOKUP(A69,[1]단품수량!$B$5:$P$27,13,FALSE)*K69 -> 474 | M69: 내자 | N69: 크린퓨어(주)
A70: 10005992 | B70: =VLOOKUP(A70,[1]단품수량!$B$5:$E$27,4,FALSE) -> FDI | C70: 98 | D70: 06.__.__.__.__.__.__ | E70: 30120749 | H70: LED MODULE UNIT | I70: ODTLM-096CY-16A1/ | J70: 10 | K70: 10 | L70: =VLOOKUP(A70,[1]단품수량!$B$5:$P$27,13,FALSE)*K70 -> 1580 | M70: 내자 | N70: 오디텍(주)
A71: 10005992 | B71: =VLOOKUP(A71,[1]단품수량!$B$5:$E$27,4,FALSE) -> FDI | C71: 99 | D71: 07.__.__.__.__.__.__ | E71: 30120750 | H71: LED MODULE UNIT | I71: ODTLM-096CF-16B1/ | J71: 2 | K71: 2 | L71: =VLOOKUP(A71,[1]단품수량!$B$5:$P$27,13,FALSE)*K71 -> 316 | M71: 내자 | N71: 오디텍(주)
A72: 10005992 | B72: =VLOOKUP(A72,[1]단품수량!$B$5:$E$27,4,FALSE) -> FDI | C72: 100 | D72: 08.__.__.__.__.__.__ | E72: 30120838 | H72: CABLE ASS'Y | I72: LED 전원,테이타 케이블 1식/ | J72: 1 | K72: 1 | L72: =VLOOKUP(A72,[1]단품수량!$B$5:$P$27,13,FALSE)*K72 -> 158 | M72: 내자 | N72: 오디텍(주)
A73: 10005992 | B73: =VLOOKUP(A73,[1]단품수량!$B$5:$E$27,4,FALSE) -> FDI | C73: 101 | D73: 09.__.__.__.__.__.__ | E73: 30120839 | H73: FDI POWER BOARD | I73: WMS200B-5 Rev.A0// | J73: 1 | K73: 1 | L73: =VLOOKUP(A73,[1]단품수량!$B$5:$P$27,13,FALSE)*K73 -> 158 | M73: 외작 | N73: 이지파워
A74: 10005992 | B74: =VLOOKUP(A74,[1]단품수량!$B$5:$E$27,4,FALSE) -> FDI | C74: 102 | D74: 10.__.__.__.__.__.__ | E74: 30120751 | H74: CONTROL BOARD | I74: SP-LEDC-A0// | J74: 1 | K74: 1 | L74: =VLOOKUP(A74,[1]단품수량!$B$5:$P$27,13,FALSE)*K74 -> 158 | M74: 외작 | N74: 앤츠(주)
A75: 10005992 | B75: =VLOOKUP(A75,[1]단품수량!$B$5:$E$27,4,FALSE) -> FDI | C75: 103 | D75: __.01.__.__.__.__.__ | E75: 30120992 | H75: IC | I75: MAX1480ECEPI/ | J75: 1 | K75: 1 | L75: =VLOOKUP(A75,[1]단품수량!$B$5:$P$27,13,FALSE)*K75 -> 158 | M75: 외자 | N75: 위니프로(주)
A76: 10005992 | B76: =VLOOKUP(A76,[1]단품수량!$B$5:$E$27,4,FALSE) -> FDI | C76: 104 | D76: __.02.__.__.__.__.__ | E76: 30121672 | H76: IC SOCKET | I76: 28P-WIDE/금도금사양 | J76: 1 | K76: 1 | L76: =VLOOKUP(A76,[1]단품수량!$B$5:$P$27,13,FALSE)*K76 -> 158 | M76: 내자 | N76: 위니프로(주)
A77: 10005992 | B77: =VLOOKUP(A77,[1]단품수량!$B$5:$E$27,4,FALSE) -> FDI | C77: 105 | D77: 11.__.__.__.__.__.__ | E77: 30120752 | H77: LED SENSOR BOARD | I77: ASS'Y/ | J77: 1 | K77: 1 | L77: =VLOOKUP(A77,[1]단품수량!$B$5:$P$27,13,FALSE)*K77 -> 158 | M77: 외작 | N77: 앤츠(주)
A78: 10005992 | B78: =VLOOKUP(A78,[1]단품수량!$B$5:$E$27,4,FALSE) -> FDI | C78: 106 | D78: 12.__.__.__.__.__.__ | E78: 30118546 | H78: CONNECTOR(17PIN RECEP) | I78: FRITS4100F20-29PB0G1F6/ | J78: 1 | K78: 1 | L78: =VLOOKUP(A78,[1]단품수량!$B$5:$P$27,13,FALSE)*K78 -> 158 | M78: 외자 | N78: 햄머
A79: 10005992 | B79: =VLOOKUP(A79,[1]단품수량!$B$5:$E$27,4,FALSE) -> FDI | C79: 107 | D79: 13.__.__.__.__.__.__ | E79: 30118561 | H79: CONNECTOR(17PIN PLUG) | I79: FRITS4106F20-29SB0F6/ | J79: 1 | K79: 1 | L79: =VLOOKUP(A79,[1]단품수량!$B$5:$P$27,13,FALSE)*K79 -> 158 | M79: 외자 | N79: 햄머
A80: 10005992 | B80: =VLOOKUP(A80,[1]단품수량!$B$5:$E$27,4,FALSE) -> FDI | C80: 108 | D80: 14.__.__.__.__.__.__ | E80: 30118569 | H80: SEALING PLUG | I80: 10-305045-16/ | J80: 4 | K80: 4 | L80: =VLOOKUP(A80,[1]단품수량!$B$5:$P$27,13,FALSE)*K80 -> 632 | M80: 외자 | N80: 햄머
... A87: 10005992 | B87: =VLOOKUP(A87,[1]단품수량!$B$5:$E$27,4,FALSE) -> FDI | C87: 115 | D87: 21.__.__.__.__.__.__ | E87: 30120535 | H87: EJECTOR SPRING STAINLESS | I87: D4-EHF5-3-950-QA/ | J87: 4 | K87: 4 | L87: =VLOOKUP(A87,[1]단품수량!$B$5:$P$27,13,FALSE)*K87 -> 632 | M87: 외자 | N87: 한국사우스코(유)
A88: 10005992 | B88: =VLOOKUP(A88,[1]단품수량!$B$5:$E$27,4,FALSE) -> FDI | C88: 116 | D88: 22.__.__.__.__.__.__ | E88: 30120666 | F88: R1D1359-21673(4) | H88: NAME PLATE | I88: FDI/ | J88: 1 | K88: 1 | L88: =VLOOKUP(A88,[1]단품수량!$B$5:$P$27,13,FALSE)*K88 -> 158 | M88: 외작 | N88: 구영에스피(주)
A89: 10005992 | B89: =VLOOKUP(A89,[1]단품수량!$B$5:$E$27,4,FALSE) -> FDI | C89: 117 | D89: 23.__.__.__.__.__.__ | E89: 20061697 | F89: R1D1355-22138 | H89: WIRING DIAGRAM | I89: FDI WIRING DIAGRAM/ | J89: 1 | K89: 1 | L89: =VLOOKUP(A89,[1]단품수량!$B$5:$P$27,13,FALSE)*K89 -> 158 | M89: 내작
A90: 10005992 | B90: =VLOOKUP(A90,[1]단품수량!$B$5:$E$27,4,FALSE) -> FDI | C90: 118 | D90: __.01.__.__.__.__.__ | E90: 30075140 | H90: WIRE | I90: 100G0111-0.75-0/ | J90: 50 | K90: 50 | L90: =VLOOKUP(A90,[1]단품수량!$B$5:$P$27,13,FALSE)*K90 -> 7900 | M90: 외자 | N90: 햄머
A91: 10005992 | B91: =VLOOKUP(A91,[1]단품수량!$B$5:$E$27,4,FALSE) -> FDI | C91: 119 | D91: __.02.__.__.__.__.__ | E91: 30093304 | H91: CABLE | I91: 100G1121-0.75-2/6/ASS'Y | J91: 4 | K91: 4 | L91: =VLOOKUP(A91,[1]단품수량!$B$5:$P$27,13,FALSE)*K91 -> 632 | M91: 외자 | N91: 햄머
A92: 10005992 | B92: =VLOOKUP(A92,[1]단품수량!$B$5:$E$27,4,FALSE) -> FDI | C92: 120 | D92: __.03.__.__.__.__.__ | E92: 30115146 | H92: CONNECTOR | I92: 5557-18/ | J92: 1 | K92: 1 | L92: =VLOOKUP(A92,[1]단품수량!$B$5:$P$27,13,FALSE)*K92 -> 158 | M92: 외자 | N92: 은강반도체
A93: 10005992 | B93: =VLOOKUP(A93,[1]단품수량!$B$5:$E$27,4,FALSE) -> FDI | C93: 121 | D93: __.04.__.__.__.__.__ | E93: 30110820 | H93: CONNECTOR HOUSING | I93: 5557-08R/ | J93: 1 | K93: 1 | L93: =VLOOKUP(A93,[1]단품수량!$B$5:$P$27,13,FALSE)*K93 -> 158 | M93: 외자 | N93: 은강반도체
A94: 10005992 | B94: =VLOOKUP(A94,[1]단품수량!$B$5:$E$27,4,FALSE) -> FDI | C94: 122 | D94: __.05.__.__.__.__.__ | E94: 30100325 | H94: PLUG | I94: 5557-06R/ | J94: 1 | K94: 1 | L94: =VLOOKUP(A94,[1]단품수량!$B$5:$P$27,13,FALSE)*K94 -> 158 | M94: 외자 | N94: 은강반도체
A95: 10005992 | B95: =VLOOKUP(A95,[1]단품수량!$B$5:$E$27,4,FALSE) -> FDI | C95: 123 | D95: __.06.__.__.__.__.__ | E95: 30111991 | H95: CONNECTOR | I95: 5557-10R/ | J95: 1 | K95: 1 | L95: =VLOOKUP(A95,[1]단품수량!$B$5:$P$27,13,FALSE)*K95 -> 158 | M95: 내자 | N95: 은강반도체
A96: 10005992 | B96: =VLOOKUP(A96,[1]단품수량!$B$5:$E$27,4,FALSE) -> FDI | C96: 124 | D96: __.07.__.__.__.__.__ | E96: 30081231 | H96: TERMINAL | I96: 5556, AWG18-24/ | J96: 42 | K96: 42 | L96: =VLOOKUP(A96,[1]단품수량!$B$5:$P$27,13,FALSE)*K96 -> 6636 | M96: 외자 | N96: 은강반도체
A97: 10005983 | B97: =VLOOKUP(A97,[1]단품수량!$B$5:$E$27,4,FALSE) -> ISP | C97: 125 | D97: 01.__.__.__.__.__.__ | E97: 30120734 | F97: R1D1358-21441( b) | H97: FRAME | I97: ASS'Y/ | J97: 1 | K97: 1 | L97: =VLOOKUP(A97,[1]단품수량!$B$5:$P$27,13,FALSE)*K97 -> 960 | M97: 외작 | N97: 세일ENGINEERING
A98: 10005983 | B98: =VLOOKUP(A98,[1]단품수량!$B$5:$E$27,4,FALSE) -> ISP | C98: 126 | D98: __.01.__.__.__.__.__ | E98: 30120732 | F98: R1D1358-21439( b) | H98: PLATE | I98: ASS'Y/ | J98: 1 | K98: 1 | L98: =VLOOKUP(A98,[1]단품수량!$B$5:$P$27,13,FALSE)*K98 -> 960 | M98: 외작 | N98: 세일ENGINEERING
A99: 10005983 | B99: =VLOOKUP(A99,[1]단품수량!$B$5:$E$27,4,FALSE) -> ISP | C99: 127 | D99: __.02.__.__.__.__.__ | E99: 30120733 | F99: R1D1358-21440( b) | H99: BRACKET | I99: ASS'Y/ | J99: 1 | K99: 1 | L99: =VLOOKUP(A99,[1]단품수량!$B$5:$P$27,13,FALSE)*K99 -> 960 | M99: 외작 | N99: 세일ENGINEERING
A100: 10005983 | B100: =VLOOKUP(A100,[1]단품수량!$B$5:$E$27,4,FALSE) -> ISP | C100: 128 | D100: 02.__.__.__.__.__.__ | E100: 30118495 | H100: SPEAKER | I100: CW-100B25/ | J100: 1 | K100: 1 | L100: =VLOOKUP(A100,[1]단품수량!$B$5:$P$27,13,FALSE)*K100 -> 960 | M100: 내자 | N100: 은강반도체
A101: 10005983 | B101: =VLOOKUP(A101,[1]단품수량!$B$5:$E$27,4,FALSE) -> ISP | C101: 129 | D101: 03.__.__.__.__.__.__ | E101: 30120769 | F101: R1D1358-21506 | H101: CONTROL BOARD | I101: ST-ISPB-A1// | J101: 1 | K101: 1 | L101: =VLOOKUP(A101,[1]단품수량!$B$5:$P$27,13,FALSE)*K101 -> 960 | M101: 외작 | N101: 앤츠(주)
A102: 10005983 | B102: =VLOOKUP(A102,[1]단품수량!$B$5:$E$27,4,FALSE) -> ISP | C102: 130 | D102: 04.__.__.__.__.__.__ | E102: 30120773 | F102: R1D1358-21799 | H102: TRANSFORMER | I102: ASS'Y/ | J102: 1 | K102: 1 | L102: =VLOOKUP(A102,[1]단품수량!$B$5:$P$27,13,FALSE)*K102 -> 960 | M102: 내자 | N102: 삼익전자산업(주)
A103: 10005983 | B103: =VLOOKUP(A103,[1]단품수량!$B$5:$E$27,4,FALSE) -> ISP | C103: 131 | D103: 05.__.__.__.__.__.__ | E103: 30120269 | H103: CONNECTOR | I103: 231-608/019-000/ | J103: 1 | K103: 1 | L103: =VLOOKUP(A103,[1]단품수량!$B$5:$P$27,13,FALSE)*K103 -> 960 | M103: 내자 | N103: 만희기전(주)
A104: 10005983 | B104: =VLOOKUP(A104,[1]단품수량!$B$5:$E$27,4,FALSE) -> ISP | C104: 132 | D104: 06.__.__.__.__.__.__ | E104: 30120270 | H104: CONNECTOR | I104: 231-108/037-000/ | J104: 1 | K104: 1 | L104: =VLOOKUP(A104,[1]단품수량!$B$5:$P$27,13,FALSE)*K104 -> 960 | M104: 내자 | N104: 만희기전(주)
A105: 10005983 | B105: =VLOOKUP(A105,[1]단품수량!$B$5:$E$27,4,FALSE) -> ISP | C105: 133 | D105: 07.__.__.__.__.__.__ | E105: 30120808 | H105: RUBBER BUSH | I105: Φ15*t1.6/ASS'Y | J105: 1 | K105: 1 | L105: =VLOOKUP(A105,[1]단품수량!$B$5:$P$27,13,FALSE)*K105 -> 960 | M105: 내자 | N105: 명진전기
A106: 10005983 | B106: =VLOOKUP(A106,[1]단품수량!$B$5:$E$27,4,FALSE) -> ISP | C106: 134 | D106: 08.__.__.__.__.__.__ | E106: 30120650 | F106: R1D1359-21672( c)(2) | H106: NAME PLATE | I106: ISP/ | J106: 1 | K106: 1 | L106: =VLOOKUP(A106,[1]단품수량!$B$5:$P$27,13,FALSE)*K106 -> 960 | M106: 외작 | N106: 구영에스피(주)
...
